direction,estimate,ci_low
AKI Onset (24h) → Mech. Vent Post-24h,0.05277269583617916,"(0.04353824271296347, 0.06138193282336435)"
Mech. Vent Onset (24h) → AKI Post-24h,0.0020724722498480785,"(-0.0012769342897747116, 0.003297960778518183)"
